"DESCRIPTION","DURATION IN MS","NAME","PARENT SUITE","START TIME","STATUS","STOP TIME","SUB SUITE","SUITE","TEST CLASS","TEST METHOD"
"","886","SESSION_008 Verify user session persists on homepage","firefox","2026-05-30","passed","2026-05-30","User Session Management Service - DemoBlaze","Session/session.spec.js","",""
"","1886","CHECKOUT_001 Verify Place Order button is visible","webkit","2026-05-30","passed","2026-05-30","Checkout / Order Service - DemoBlaze","Checkout/checkout.spec.js","",""
"","1415","NAV_009 Verify Contact modal opens","webkit","2026-05-30","passed","2026-05-30","Navigation Service - DemoBlaze","Navigation/navigation.spec.js","",""
"","790","NAV_009 Verify Contact modal opens","firefox","2026-05-30","passed","2026-05-30","Navigation Service - DemoBlaze","Navigation/navigation.spec.js","",""
"","415","NAV_015 Verify navbar remains visible after navigation","chromium","2026-05-30","passed","2026-05-30","Navigation Service - DemoBlaze","Navigation/navigation.spec.js","",""
"","1034","ORDER_013 Verify cart page URL before checkout","chromium","2026-05-30","passed","2026-05-30","Checkout / Order Service - DemoBlaze","Order/order.spec.js","",""
"","446","CONT_001 Verify Contact link is visible","firefox","2026-05-30","passed","2026-05-30","Contact Service - DemoBlaze","Contact/contact.spec.js","",""
"","793","NAV_006 Verify Sign Up link is visible","webkit","2026-05-30","passed","2026-05-30","Navigation Service - DemoBlaze","Navigation/navigation.spec.js","",""
"","946","PROD_007 Verify product description is displayed","firefox","2026-05-30","passed","2026-05-30","Product Catalog Service - DemoBlaze","Product/product.spec.js","",""
"","2624","CHECKOUT_015 Verify confirmation popup closes successfully","firefox","2026-05-30","passed","2026-05-30","Checkout / Order Service - DemoBlaze","Checkout/checkout.spec.js","",""
"","1054","CART_015 Verify cart loads successfully after login","firefox","2026-05-30","passed","2026-05-30","Cart Management Service - DemoBlaze","Cart/cart.spec.js","",""
"","404","PROD_009 Verify Laptops category filter works","chromium","2026-05-30","passed","2026-05-30","Product Catalog Service - DemoBlaze","Product/product.spec.js","",""
"","564","PROD_005 Verify product price is visible","firefox","2026-05-30","passed","2026-05-30","Product Catalog Service - DemoBlaze","Product/product.spec.js","",""
"","874","PROD_012 Verify product detail page URL changes","firefox","2026-05-30","passed","2026-05-30","Product Catalog Service - DemoBlaze","Product/product.spec.js","",""
"","1537","SESSION_006 Verify session removed after logout","webkit","2026-05-30","passed","2026-05-30","User Session Management Service - DemoBlaze","Session/session.spec.js","",""
"","364","CART_013 Verify cart page URL","chromium","2026-05-30","passed","2026-05-30","Cart Management Service - DemoBlaze","Cart/cart.spec.js","",""
"","1605","CONT_015 Verify modal opens after refresh","webkit","2026-05-30","passed","2026-05-30","Contact Service - DemoBlaze","Contact/contact.spec.js","",""
"","2132","CART_007 Verify cart total is displayed","webkit","2026-05-30","passed","2026-05-30","Cart Management Service - DemoBlaze","Cart/cart.spec.js","",""
"","1015","SESSION_015 Verify session handling across pages","firefox","2026-05-30","passed","2026-05-30","User Session Management Service - DemoBlaze","Session/session.spec.js","",""
"","4186","CHECKOUT_015 Verify confirmation popup closes successfully","webkit","2026-05-30","passed","2026-05-30","Checkout / Order Service - DemoBlaze","Checkout/checkout.spec.js","",""
"","1462","SESSION_005 Verify logout functionality works","webkit","2026-05-30","passed","2026-05-30","User Session Management Service - DemoBlaze","Session/session.spec.js","",""
"","1524","CART_005 Verify added product is visible in cart","firefox","2026-05-30","passed","2026-05-30","Cart Management Service - DemoBlaze","Cart/cart.spec.js","",""
"","453","PROD_015 Verify product page loads successfully after refresh","chromium","2026-05-30","passed","2026-05-30","Product Catalog Service - DemoBlaze","Product/product.spec.js","",""
"","1362","CART_014 Verify cart table headers","chromium","2026-05-30","failed","2026-05-30","Cart Management Service - DemoBlaze","Cart/cart.spec.js","",""
"","1270","CHECKOUT_001 Verify Place Order button is visible","firefox","2026-05-30","passed","2026-05-30","Checkout / Order Service - DemoBlaze","Checkout/checkout.spec.js","",""
"","686","AUTH_003 Verify signup modal opens successfully","firefox","2026-05-30","passed","2026-05-30","Authentication Service - DemoBlaze","Authentication/auth.spec.js","",""
"","1786","AUTH_016 Verify logout functionality","firefox","2026-05-30","passed","2026-05-30","Authentication Service - DemoBlaze","Authentication/auth.spec.js","",""
"","816","CART_003 Verify success alert after adding product","chromium","2026-05-30","passed","2026-05-30","Cart Management Service - DemoBlaze","Cart/cart.spec.js","",""
"","866","AUTH_015 Verify login with empty username and password","chromium","2026-05-30","passed","2026-05-30","Authentication Service - DemoBlaze","Authentication/auth.spec.js","",""
"","1151","CHECKOUT_003 Verify Name field is visible","chromium","2026-05-30","passed","2026-05-30","Checkout / Order Service - DemoBlaze","Checkout/checkout.spec.js","",""
"","30081","AUTH_008 Verify signup with empty password","webkit","2026-05-30","broken","2026-05-30","Authentication Service - DemoBlaze","Authentication/auth.spec.js","",""
"","1820","CHECKOUT_013 Verify order modal can be closed","chromium","2026-05-30","passed","2026-05-30","Checkout / Order Service - DemoBlaze","Checkout/checkout.spec.js","",""
"","1523","CHECKOUT_005 Verify City field is visible","firefox","2026-05-30","passed","2026-05-30","Checkout / Order Service - DemoBlaze","Checkout/checkout.spec.js","",""
"","986","SESSION_001 Verify user session persists after refresh","firefox","2026-05-30","passed","2026-05-30","User Session Management Service - DemoBlaze","Session/session.spec.js","",""
"","1942","ORDER_009 Verify purchase with valid details","firefox","2026-05-30","passed","2026-05-30","Checkout / Order Service - DemoBlaze","Order/order.spec.js","",""
"","1529","CHECKOUT_007 Verify Month field is visible","firefox","2026-05-30","passed","2026-05-30","Checkout / Order Service - DemoBlaze","Checkout/checkout.spec.js","",""
"","1872","CART_003 Verify success alert after adding product","webkit","2026-05-30","passed","2026-05-30","Cart Management Service - DemoBlaze","Cart/cart.spec.js","",""
"","1507","CHECKOUT_002 Verify Place Order modal opens","firefox","2026-05-30","passed","2026-05-30","Checkout / Order Service - DemoBlaze","Checkout/checkout.spec.js","",""
"","1485","ORDER_008 Verify Year field accepts input","firefox","2026-05-30","passed","2026-05-30","Checkout / Order Service - DemoBlaze","Order/order.spec.js","",""
"","957","PROD_015 Verify product page loads successfully after refresh","firefox","2026-05-30","passed","2026-05-30","Product Catalog Service - DemoBlaze","Product/product.spec.js","",""
"","1444","PROD_012 Verify product detail page URL changes","webkit","2026-05-30","passed","2026-05-30","Product Catalog Service - DemoBlaze","Product/product.spec.js","",""
"","2779","ORDER_008 Verify Year field accepts input","webkit","2026-05-30","passed","2026-05-30","Checkout / Order Service - DemoBlaze","Order/order.spec.js","",""
"","1521","ORDER_002 Verify order modal opens","firefox","2026-05-30","passed","2026-05-30","Checkout / Order Service - DemoBlaze","Order/order.spec.js","",""
"","1043","PROD_005 Verify product price is visible","webkit","2026-05-30","passed","2026-05-30","Product Catalog Service - DemoBlaze","Product/product.spec.js","",""
"","0","Future validation test","firefox","2026-05-30","skipped","2026-05-30","Contact Service - DemoBlaze","Contact/contact.spec.js","",""
"","386","PROD_010 Verify Monitors category filter works","chromium","2026-05-30","passed","2026-05-30","Product Catalog Service - DemoBlaze","Product/product.spec.js","",""
"","1305","ORDER_005 Verify City field accepts input","chromium","2026-05-30","passed","2026-05-30","Checkout / Order Service - DemoBlaze","Order/order.spec.js","",""
"","540","CONT_002 Verify Contact modal opens","chromium","2026-05-30","passed","2026-05-30","Contact Service - DemoBlaze","Contact/contact.spec.js","",""
"","1260","CART_010 Verify cart persists after refresh","firefox","2026-05-30","passed","2026-05-30","Cart Management Service - DemoBlaze","Cart/cart.spec.js","",""
"","724","SESSION_005 Verify logout functionality works","chromium","2026-05-30","passed","2026-05-30","User Session Management Service - DemoBlaze","Session/session.spec.js","",""
"","686","CART_008 Verify product can be deleted from cart","firefox","2026-05-30","passed","2026-05-30","Cart Management Service - DemoBlaze","Cart/cart.spec.js","",""
"","1537","ORDER_003 Verify Name field accepts input","firefox","2026-05-30","passed","2026-05-30","Checkout / Order Service - DemoBlaze","Order/order.spec.js","",""
"","1036","PROD_003 Verify product image is visible","webkit","2026-05-30","passed","2026-05-30","Product Catalog Service - DemoBlaze","Product/product.spec.js","",""
"","30076","AUTH_009 Verify signup with empty username and password","webkit","2026-05-30","broken","2026-05-30","Authentication Service - DemoBlaze","Authentication/auth.spec.js","",""
"","1539","CONT_003 Verify email textbox is visible","webkit","2026-05-30","passed","2026-05-30","Contact Service - DemoBlaze","Contact/contact.spec.js","",""
"","814","NAV_004 Verify Cart link is visible","webkit","2026-05-30","passed","2026-05-30","Navigation Service - DemoBlaze","Navigation/navigation.spec.js","",""
"","1191","AUTH_006 Verify existing user cannot signup again","firefox","2026-05-30","passed","2026-05-30","Authentication Service - DemoBlaze","Authentication/auth.spec.js","",""
"","542","AUTH_004 Verify login modal opens successfully","chromium","2026-05-30","passed","2026-05-30","Authentication Service - DemoBlaze","Authentication/auth.spec.js","",""
"","2340","CHECKOUT_004 Verify Country field is visible","webkit","2026-05-30","passed","2026-05-30","Checkout / Order Service - DemoBlaze","Checkout/checkout.spec.js","",""
"","729","PROD_009 Verify Laptops category filter works","firefox","2026-05-30","passed","2026-05-30","Product Catalog Service - DemoBlaze","Product/product.spec.js","",""
"","876","CART_001 Verify Add to Cart button is visible","chromium","2026-05-30","passed","2026-05-30","Cart Management Service - DemoBlaze","Cart/cart.spec.js","",""
"","1291","CHECKOUT_008 Verify Year field is visible","chromium","2026-05-30","passed","2026-05-30","Checkout / Order Service - DemoBlaze","Checkout/checkout.spec.js","",""
"","1474","AUTH_016 Verify logout functionality","chromium","2026-05-30","passed","2026-05-30","Authentication Service - DemoBlaze","Authentication/auth.spec.js","",""
"","531","CONT_006 Verify Send Message button is visible","chromium","2026-05-30","passed","2026-05-30","Contact Service - DemoBlaze","Contact/contact.spec.js","",""
"","229","NAV_004 Verify Cart link is visible","chromium","2026-05-30","passed","2026-05-30","Navigation Service - DemoBlaze","Navigation/navigation.spec.js","",""
"","1621","CONT_006 Verify Send Message button is visible","webkit","2026-05-30","passed","2026-05-30","Contact Service - DemoBlaze","Contact/contact.spec.js","",""
"","813","CONT_006 Verify Send Message button is visible","firefox","2026-05-30","passed","2026-05-30","Contact Service - DemoBlaze","Contact/contact.spec.js","",""
"","1496","CHECKOUT_006 Verify Credit Card field is visible","firefox","2026-05-30","passed","2026-05-30","Checkout / Order Service - DemoBlaze","Checkout/checkout.spec.js","",""
"","1116","CHECKOUT_001 Verify Place Order button is visible","chromium","2026-05-30","passed","2026-05-30","Checkout / Order Service - DemoBlaze","Checkout/checkout.spec.js","",""
"","355","AUTH_002 Verify Login button is visible","chromium","2026-05-30","passed","2026-05-30","Authentication Service - DemoBlaze","Authentication/auth.spec.js","",""
"","468","NAV_007 Verify Home navigation works","chromium","2026-05-30","passed","2026-05-30","Navigation Service - DemoBlaze","Navigation/navigation.spec.js","",""
"","1921","CART_002 Verify product can be added to cart","webkit","2026-05-30","passed","2026-05-30","Cart Management Service - DemoBlaze","Cart/cart.spec.js","",""
"","1676","ORDER_010 Verify confirmation message after purchase","chromium","2026-05-30","passed","2026-05-30","Checkout / Order Service - DemoBlaze","Order/order.spec.js","",""
"","845","get started link","firefox","2026-05-30","passed","2026-05-30","","example.spec.js","",""
"","3047","ORDER_011 Verify OK button closes confirmation popup","webkit","2026-05-30","passed","2026-05-30","Checkout / Order Service - DemoBlaze","Order/order.spec.js","",""
"","533","SESSION_008 Verify user session persists on homepage","chromium","2026-05-30","passed","2026-05-30","User Session Management Service - DemoBlaze","Session/session.spec.js","",""
"","1085","CART_003 Verify success alert after adding product","firefox","2026-05-30","passed","2026-05-30","Cart Management Service - DemoBlaze","Cart/cart.spec.js","",""
"","1843","ORDER_010 Verify confirmation message after purchase","firefox","2026-05-30","passed","2026-05-30","Checkout / Order Service - DemoBlaze","Order/order.spec.js","",""
"","472","NAV_009 Verify Contact modal opens","chromium","2026-05-30","passed","2026-05-30","Navigation Service - DemoBlaze","Navigation/navigation.spec.js","",""
"","689","NAV_008 Verify Cart page navigation","firefox","2026-05-30","passed","2026-05-30","Navigation Service - DemoBlaze","Navigation/navigation.spec.js","",""
"","858","AUTH_014 Verify login with empty password","chromium","2026-05-30","passed","2026-05-30","Authentication Service - DemoBlaze","Authentication/auth.spec.js","",""
"","1204","SESSION_001 Verify user session persists after refresh","webkit","2026-05-30","passed","2026-05-30","User Session Management Service - DemoBlaze","Session/session.spec.js","",""
"","2069","ORDER_013 Verify cart page URL before checkout","webkit","2026-05-30","passed","2026-05-30","Checkout / Order Service - DemoBlaze","Order/order.spec.js","",""
"","2033","CHECKOUT_012 Verify OK button is visible after purchase","firefox","2026-05-30","passed","2026-05-30","Checkout / Order Service - DemoBlaze","Checkout/checkout.spec.js","",""
"","1173","ORDER_007 Verify Month field accepts input","chromium","2026-05-30","passed","2026-05-30","Checkout / Order Service - DemoBlaze","Order/order.spec.js","",""
"","1631","ORDER_006 Verify Credit Card field accepts input","firefox","2026-05-30","passed","2026-05-30","Checkout / Order Service - DemoBlaze","Order/order.spec.js","",""
"","2812","CHECKOUT_010 Verify order can be placed successfully","webkit","2026-05-30","passed","2026-05-30","Checkout / Order Service - DemoBlaze","Checkout/checkout.spec.js","",""
"","3707","CART_006 Verify multiple products can be added","webkit","2026-05-30","passed","2026-05-30","Cart Management Service - DemoBlaze","Cart/cart.spec.js","",""
"","1203","ORDER_002 Verify order modal opens","chromium","2026-05-30","passed","2026-05-30","Checkout / Order Service - DemoBlaze","Order/order.spec.js","",""
"","2436","CART_010 Verify cart persists after refresh","webkit","2026-05-30","passed","2026-05-30","Cart Management Service - DemoBlaze","Cart/cart.spec.js","",""
"","30084","NAV_011 Verify Login modal opens","webkit","2026-05-30","broken","2026-05-30","Navigation Service - DemoBlaze","Navigation/navigation.spec.js","",""
"","540","AUTH_002 Verify Login button is visible","firefox","2026-05-30","passed","2026-05-30","Authentication Service - DemoBlaze","Authentication/auth.spec.js","",""
"","1142","ORDER_013 Verify cart page URL before checkout","firefox","2026-05-30","passed","2026-05-30","Checkout / Order Service - DemoBlaze","Order/order.spec.js","",""
"","1771","AUTH_011 Verify login with invalid username","firefox","2026-05-30","passed","2026-05-30","Authentication Service - DemoBlaze","Authentication/auth.spec.js","",""
"","2700","ORDER_009 Verify purchase with valid details","webkit","2026-05-30","passed","2026-05-30","Checkout / Order Service - DemoBlaze","Order/order.spec.js","",""
"","1491","CHECKOUT_003 Verify Name field is visible","firefox","2026-05-30","passed","2026-05-30","Checkout / Order Service - DemoBlaze","Checkout/checkout.spec.js","",""
"","1441","NAV_010 Verify About Us modal opens","webkit","2026-05-30","passed","2026-05-30","Navigation Service - DemoBlaze","Navigation/navigation.spec.js","",""
"","1528","ORDER_015 Verify order modal fields are visible","firefox","2026-05-30","passed","2026-05-30","Checkout / Order Service - DemoBlaze","Order/order.spec.js","",""
"","2796","CHECKOUT_014 Verify purchase without mandatory details","webkit","2026-05-30","passed","2026-05-30","Checkout / Order Service - DemoBlaze","Checkout/checkout.spec.js","",""
"","3017","CHECKOUT_013 Verify order modal can be closed","webkit","2026-05-30","passed","2026-05-30","Checkout / Order Service - DemoBlaze","Checkout/checkout.spec.js","",""
"","1368","PROD_011 Verify category switching works correctly","webkit","2026-05-30","passed","2026-05-30","Product Catalog Service - DemoBlaze","Product/product.spec.js","",""
"","1171","CART_007 Verify cart total is displayed","chromium","2026-05-30","passed","2026-05-30","Cart Management Service - DemoBlaze","Cart/cart.spec.js","",""
"","799","AUTH_011 Verify login with invalid username","chromium","2026-05-30","passed","2026-05-30","Authentication Service - DemoBlaze","Authentication/auth.spec.js","",""
"","642","SESSION_013 Verify login button appears after logout","chromium","2026-05-30","passed","2026-05-30","User Session Management Service - DemoBlaze","Session/session.spec.js","",""
"","30080","AUTH_007 Verify signup with empty username","webkit","2026-05-30","broken","2026-05-30","Authentication Service - DemoBlaze","Authentication/auth.spec.js","",""
"","1","CONT_010 Verify contact modal can close","webkit","2026-05-30","skipped","2026-05-30","Contact Service - DemoBlaze","Contact/contact.spec.js","",""
"","2036","ORDER_001 Verify Place Order button is visible","webkit","2026-05-30","passed","2026-05-30","Checkout / Order Service - DemoBlaze","Order/order.spec.js","",""
"","30091","AUTH_019 Verify signup modal close functionality","firefox","2026-05-30","broken","2026-05-30","Authentication Service - DemoBlaze","Authentication/auth.spec.js","",""
"","0","Future validation test","chromium","2026-05-30","skipped","2026-05-30","Contact Service - DemoBlaze","Contact/contact.spec.js","",""
"","638","PROD_001 Verify homepage products are visible","firefox","2026-05-30","passed","2026-05-30","Product Catalog Service - DemoBlaze","Product/product.spec.js","",""
"","756","NAV_002 Verify Contact link is visible","webkit","2026-05-30","passed","2026-05-30","Navigation Service - DemoBlaze","Navigation/navigation.spec.js","",""
"","2096","CHECKOUT_013 Verify order modal can be closed","firefox","2026-05-30","passed","2026-05-30","Checkout / Order Service - DemoBlaze","Checkout/checkout.spec.js","",""
"","792","PROD_014 Verify Previous button navigation","firefox","2026-05-30","passed","2026-05-30","Product Catalog Service - DemoBlaze","Product/product.spec.js","",""
"","1064","CART_002 Verify product can be added to cart","firefox","2026-05-30","passed","2026-05-30","Cart Management Service - DemoBlaze","Cart/cart.spec.js","",""
"","2263","CHECKOUT_008 Verify Year field is visible","webkit","2026-05-30","passed","2026-05-30","Checkout / Order Service - DemoBlaze","Checkout/checkout.spec.js","",""
"","1521","ORDER_005 Verify City field accepts input","firefox","2026-05-30","passed","2026-05-30","Checkout / Order Service - DemoBlaze","Order/order.spec.js","",""
"","1490","CHECKOUT_008 Verify Year field is visible","firefox","2026-05-30","passed","2026-05-30","Checkout / Order Service - DemoBlaze","Checkout/checkout.spec.js","",""
"","287","NAV_001 Verify Home link is visible","chromium","2026-05-30","passed","2026-05-30","Navigation Service - DemoBlaze","Navigation/navigation.spec.js","",""
"","1197","ORDER_003 Verify Name field accepts input","chromium","2026-05-30","passed","2026-05-30","Checkout / Order Service - DemoBlaze","Order/order.spec.js","",""
"","680","CART_004 Verify cart page opens successfully","firefox","2026-05-30","passed","2026-05-30","Cart Management Service - DemoBlaze","Cart/cart.spec.js","",""
"","1232","AUTH_013 Verify login with empty username","firefox","2026-05-30","passed","2026-05-30","Authentication Service - DemoBlaze","Authentication/auth.spec.js","",""
"","504","SESSION_004 Verify logout button is visible","chromium","2026-05-30","passed","2026-05-30","User Session Management Service - DemoBlaze","Session/session.spec.js","",""
"","2457","CART_006 Verify multiple products can be added","firefox","2026-05-30","passed","2026-05-30","Cart Management Service - DemoBlaze","Cart/cart.spec.js","",""
"","30081","AUTH_004 Verify login modal opens successfully","webkit","2026-05-30","broken","2026-05-30","Authentication Service - DemoBlaze","Authentication/auth.spec.js","",""
"","30080","AUTH_012 Verify login with invalid password","webkit","2026-05-30","broken","2026-05-30","Authentication Service - DemoBlaze","Authentication/auth.spec.js","",""
"","3421","ORDER_014 Verify purchase button visibility","webkit","2026-05-30","passed","2026-05-30","Checkout / Order Service - DemoBlaze","Order/order.spec.js","",""
"","2188","ORDER_005 Verify City field accepts input","webkit","2026-05-30","passed","2026-05-30","Checkout / Order Service - DemoBlaze","Order/order.spec.js","",""
"","638","PROD_010 Verify Monitors category filter works","firefox","2026-05-30","passed","2026-05-30","Product Catalog Service - DemoBlaze","Product/product.spec.js","",""
"","1778","CART_005 Verify added product is visible in cart","chromium","2026-05-30","passed","2026-05-30","Cart Management Service - DemoBlaze","Cart/cart.spec.js","",""
"","1334","CART_010 Verify cart persists after refresh","chromium","2026-05-30","passed","2026-05-30","Cart Management Service - DemoBlaze","Cart/cart.spec.js","",""
"","1228","CHECKOUT_009 Verify Purchase button is visible","chromium","2026-05-30","passed","2026-05-30","Checkout / Order Service - DemoBlaze","Checkout/checkout.spec.js","",""
"","2160","CART_006 Verify multiple products can be added","chromium","2026-05-30","passed","2026-05-30","Cart Management Service - DemoBlaze","Cart/cart.spec.js","",""
"","654","SESSION_014 Verify signup button appears after logout","chromium","2026-05-30","passed","2026-05-30","User Session Management Service - DemoBlaze","Session/session.spec.js","",""
"","1032","CART_012 Verify duplicate product addition","firefox","2026-05-30","passed","2026-05-30","Cart Management Service - DemoBlaze","Cart/cart.spec.js","",""
"","632","NAV_014 Verify Next carousel button","firefox","2026-05-30","passed","2026-05-30","Navigation Service - DemoBlaze","Navigation/navigation.spec.js","",""
"","2343","ORDER_006 Verify Credit Card field accepts input","webkit","2026-05-30","passed","2026-05-30","Checkout / Order Service - DemoBlaze","Order/order.spec.js","",""
"","341","get started link","chromium","2026-05-30","passed","2026-05-30","","example.spec.js","",""
"","476","NAV_006 Verify Sign Up link is visible","firefox","2026-05-30","passed","2026-05-30","Navigation Service - DemoBlaze","Navigation/navigation.spec.js","",""
"","1105","CHECKOUT_006 Verify Credit Card field is visible","chromium","2026-05-30","passed","2026-05-30","Checkout / Order Service - DemoBlaze","Checkout/checkout.spec.js","",""
"","1422","CART_004 Verify cart page opens successfully","webkit","2026-05-30","passed","2026-05-30","Cart Management Service - DemoBlaze","Cart/cart.spec.js","",""
"","507","CONT_013 Verify multiple data entries Demo","chromium","2026-05-30","passed","2026-05-30","Contact Service - DemoBlaze","Contact/contact.spec.js","",""
"","1064","AUTH_008 Verify signup with empty password","firefox","2026-05-30","passed","2026-05-30","Authentication Service - DemoBlaze","Authentication/auth.spec.js","",""
"","30083","AUTH_016 Verify logout functionality","webkit","2026-05-30","broken","2026-05-30","Authentication Service - DemoBlaze","Authentication/auth.spec.js","",""
"","801","AUTH_009 Verify signup with empty username and password","chromium","2026-05-30","passed","2026-05-30","Authentication Service - DemoBlaze","Authentication/auth.spec.js","",""
"","1447","CONT_005 Verify message textbox is visible","webkit","2026-05-30","passed","2026-05-30","Contact Service - DemoBlaze","Contact/contact.spec.js","",""
"","653","PROD_006 Verify clicking product opens product details page","chromium","2026-05-30","passed","2026-05-30","Product Catalog Service - DemoBlaze","Product/product.spec.js","",""
"","269","NAV_003 Verify About Us link is visible","chromium","2026-05-30","passed","2026-05-30","Navigation Service - DemoBlaze","Navigation/navigation.spec.js","",""
"","632","SESSION_006 Verify session removed after logout","chromium","2026-05-30","passed","2026-05-30","User Session Management Service - DemoBlaze","Session/session.spec.js","",""
"","2201","ORDER_004 Verify Country field accepts input","webkit","2026-05-30","passed","2026-05-30","Checkout / Order Service - DemoBlaze","Order/order.spec.js","",""
"","767","PROD_013 Verify Next button navigation","firefox","2026-05-30","passed","2026-05-30","Product Catalog Service - DemoBlaze","Product/product.spec.js","",""
"","1584","CHECKOUT_012 Verify OK button is visible after purchase","chromium","2026-05-30","passed","2026-05-30","Checkout / Order Service - DemoBlaze","Checkout/checkout.spec.js","",""
"","804","AUTH_010 Verify login with valid credentials","chromium","2026-05-30","passed","2026-05-30","Authentication Service - DemoBlaze","Authentication/auth.spec.js","",""
"","30078","AUTH_014 Verify login with empty password","webkit","2026-05-30","broken","2026-05-30","Authentication Service - DemoBlaze","Authentication/auth.spec.js","",""
"","30082","AUTH_013 Verify login with empty username","webkit","2026-05-30","broken","2026-05-30","Authentication Service - DemoBlaze","Authentication/auth.spec.js","",""
"","30091","AUTH_018 Verify login modal close functionality","webkit","2026-05-30","broken","2026-05-30","Authentication Service - DemoBlaze","Authentication/auth.spec.js","",""
"","927","SESSION_004 Verify logout button is visible","webkit","2026-05-30","passed","2026-05-30","User Session Management Service - DemoBlaze","Session/session.spec.js","",""
"","1369","PROD_006 Verify clicking product opens product details page","webkit","2026-05-30","passed","2026-05-30","Product Catalog Service - DemoBlaze","Product/product.spec.js","",""
"","1849","CART_012 Verify duplicate product addition","webkit","2026-05-30","passed","2026-05-30","Cart Management Service - DemoBlaze","Cart/cart.spec.js","",""
"","1244","ORDER_004 Verify Country field accepts input","chromium","2026-05-30","passed","2026-05-30","Checkout / Order Service - DemoBlaze","Order/order.spec.js","",""
"","805","CONT_004 Verify name textbox is visible","firefox","2026-05-30","passed","2026-05-30","Contact Service - DemoBlaze","Contact/contact.spec.js","",""
"","1212","CHECKOUT_007 Verify Month field is visible","chromium","2026-05-30","passed","2026-05-30","Checkout / Order Service - DemoBlaze","Checkout/checkout.spec.js","",""
"","442","CART_004 Verify cart page opens successfully","chromium","2026-05-30","passed","2026-05-30","Cart Management Service - DemoBlaze","Cart/cart.spec.js","",""
"","566","CONT_014 Verify contact modal remains visible","chromium","2026-05-30","passed","2026-05-30","Contact Service - DemoBlaze","Contact/contact.spec.js","",""
"","1606","SESSION_011 Verify session remains active after browsing products","webkit","2026-05-30","passed","2026-05-30","User Session Management Service - DemoBlaze","Session/session.spec.js","",""
"","567","NAV_012 Verify Signup modal opens","chromium","2026-05-30","passed","2026-05-30","Navigation Service - DemoBlaze","Navigation/navigation.spec.js","",""
"","1088","AUTH_020 Verify user session persists after page refresh","chromium","2026-05-30","passed","2026-05-30","Authentication Service - DemoBlaze","Authentication/auth.spec.js","",""
"","1708","ORDER_004 Verify Country field accepts input","firefox","2026-05-30","passed","2026-05-30","Checkout / Order Service - DemoBlaze","Order/order.spec.js","",""
"","468","NAV_004 Verify Cart link is visible","firefox","2026-05-30","passed","2026-05-30","Navigation Service - DemoBlaze","Navigation/navigation.spec.js","",""
"","30078","AUTH_003 Verify signup modal opens successfully","webkit","2026-05-30","broken","2026-05-30","Authentication Service - DemoBlaze","Authentication/auth.spec.js","",""
"","883","SESSION_003 Verify session persists during navigation","firefox","2026-05-30","passed","2026-05-30","User Session Management Service - DemoBlaze","Session/session.spec.js","",""
"","770","SESSION_011 Verify session remains active after browsing products","chromium","2026-05-30","passed","2026-05-30","User Session Management Service - DemoBlaze","Session/session.spec.js","",""
"","523","NAV_010 Verify About Us modal opens","chromium","2026-05-30","passed","2026-05-30","Navigation Service - DemoBlaze","Navigation/navigation.spec.js","",""
"","0","NAV_005 Verify Login link is visible","chromium","2026-05-30","skipped","2026-05-30","Navigation Service - DemoBlaze","Navigation/navigation.spec.js","",""
"","701","PROD_011 Verify category switching works correctly","firefox","2026-05-30","passed","2026-05-30","Product Catalog Service - DemoBlaze","Product/product.spec.js","",""
"","827","CONT_009 Verify user can enter message","firefox","2026-05-30","passed","2026-05-30","Contact Service - DemoBlaze","Contact/contact.spec.js","",""
"","1659","SESSION_013 Verify login button appears after logout","webkit","2026-05-30","passed","2026-05-30","User Session Management Service - DemoBlaze","Session/session.spec.js","",""
"","1537","CART_008 Verify product can be deleted from cart","webkit","2026-05-30","passed","2026-05-30","Cart Management Service - DemoBlaze","Cart/cart.spec.js","",""
"","728","CART_009 Verify deleted product is removed","firefox","2026-05-30","passed","2026-05-30","Cart Management Service - DemoBlaze","Cart/cart.spec.js","",""
"","515","CONT_005 Verify message textbox is visible","chromium","2026-05-30","passed","2026-05-30","Contact Service - DemoBlaze","Contact/contact.spec.js","",""
"","716","AUTH_004 Verify login modal opens successfully","firefox","2026-05-30","passed","2026-05-30","Authentication Service - DemoBlaze","Authentication/auth.spec.js","",""
"","273","NAV_006 Verify Sign Up link is visible","chromium","2026-05-30","passed","2026-05-30","Navigation Service - DemoBlaze","Navigation/navigation.spec.js","",""
"","557","SESSION_009 Verify session persists after multiple refreshes","chromium","2026-05-30","passed","2026-05-30","User Session Management Service - DemoBlaze","Session/session.spec.js","",""
"","722","CONT_005 Verify message textbox is visible","firefox","2026-05-30","passed","2026-05-30","Contact Service - DemoBlaze","Contact/contact.spec.js","",""
"","533","CONT_009 Verify user can enter message","chromium","2026-05-30","passed","2026-05-30","Contact Service - DemoBlaze","Contact/contact.spec.js","",""
"","2398","CART_007 Verify cart total is displayed","firefox","2026-05-30","passed","2026-05-30","Cart Management Service - DemoBlaze","Cart/cart.spec.js","",""
"","2251","ORDER_015 Verify order modal fields are visible","webkit","2026-05-30","passed","2026-05-30","Checkout / Order Service - DemoBlaze","Order/order.spec.js","",""
"","30080","AUTH_015 Verify login with empty username and password","webkit","2026-05-30","broken","2026-05-30","Authentication Service - DemoBlaze","Authentication/auth.spec.js","",""
"","2077","CHECKOUT_014 Verify purchase without mandatory details","firefox","2026-05-30","passed","2026-05-30","Checkout / Order Service - DemoBlaze","Checkout/checkout.spec.js","",""
"","924","PROD_002 Verify product cards are displayed","webkit","2026-05-30","passed","2026-05-30","Product Catalog Service - DemoBlaze","Product/product.spec.js","",""
"","1635","CONT_013 Verify multiple data entries Sathya","webkit","2026-05-30","passed","2026-05-30","Contact Service - DemoBlaze","Contact/contact.spec.js","",""
"","995","AUTH_002 Verify Login button is visible","webkit","2026-05-30","passed","2026-05-30","Authentication Service - DemoBlaze","Authentication/auth.spec.js","",""
"","1155","AUTH_015 Verify login with empty username and password","firefox","2026-05-30","passed","2026-05-30","Authentication Service - DemoBlaze","Authentication/auth.spec.js","",""
"","818","AUTH_007 Verify signup with empty username","chromium","2026-05-30","passed","2026-05-30","Authentication Service - DemoBlaze","Authentication/auth.spec.js","",""
"","2279","ORDER_002 Verify order modal opens","webkit","2026-05-30","passed","2026-05-30","Checkout / Order Service - DemoBlaze","Order/order.spec.js","",""
"","2097","SESSION_015 Verify session handling across pages","webkit","2026-05-30","passed","2026-05-30","User Session Management Service - DemoBlaze","Session/session.spec.js","",""
"","1488","SESSION_009 Verify session persists after multiple refreshes","webkit","2026-05-30","passed","2026-05-30","User Session Management Service - DemoBlaze","Session/session.spec.js","",""
"","535","CONT_012 Verify modal title is visible","chromium","2026-05-30","passed","2026-05-30","Contact Service - DemoBlaze","Contact/contact.spec.js","",""
"","1780","ORDER_012 Verify order modal close button","firefox","2026-05-30","passed","2026-05-30","Checkout / Order Service - DemoBlaze","Order/order.spec.js","",""
"","490","SESSION_002 Verify logged in username is displayed","chromium","2026-05-30","passed","2026-05-30","User Session Management Service - DemoBlaze","Session/session.spec.js","",""
"","2271","ORDER_011 Verify OK button closes confirmation popup","firefox","2026-05-30","passed","2026-05-30","Checkout / Order Service - DemoBlaze","Order/order.spec.js","",""
"","1312","ORDER_006 Verify Credit Card field accepts input","chromium","2026-05-30","passed","2026-05-30","Checkout / Order Service - DemoBlaze","Order/order.spec.js","",""
"","782","NAV_015 Verify navbar remains visible after navigation","firefox","2026-05-30","passed","2026-05-30","Navigation Service - DemoBlaze","Navigation/navigation.spec.js","",""
"","1465","SESSION_008 Verify user session persists on homepage","webkit","2026-05-30","passed","2026-05-30","User Session Management Service - DemoBlaze","Session/session.spec.js","",""
"","2448","CHECKOUT_002 Verify Place Order modal opens","webkit","2026-05-30","passed","2026-05-30","Checkout / Order Service - DemoBlaze","Checkout/checkout.spec.js","",""
"","2987","ORDER_014 Verify purchase button visibility","firefox","2026-05-30","passed","2026-05-30","Checkout / Order Service - DemoBlaze","Order/order.spec.js","",""
"","30083","AUTH_005 Verify user can signup with valid credentials","webkit","2026-05-30","broken","2026-05-30","Authentication Service - DemoBlaze","Authentication/auth.spec.js","",""
"","648","SESSION_010 Verify cart access during active session","firefox","2026-05-30","passed","2026-05-30","User Session Management Service - DemoBlaze","Session/session.spec.js","",""
"","736","CART_011 Verify navigation from product page to cart","chromium","2026-05-30","passed","2026-05-30","Cart Management Service - DemoBlaze","Cart/cart.spec.js","",""
"","452","PROD_005 Verify product price is visible","chromium","2026-05-30","passed","2026-05-30","Product Catalog Service - DemoBlaze","Product/product.spec.js","",""
"","1212","ORDER_014 Verify purchase button visibility","chromium","2026-05-30","passed","2026-05-30","Checkout / Order Service - DemoBlaze","Order/order.spec.js","",""
"","352","NAV_014 Verify Next carousel button","chromium","2026-05-30","passed","2026-05-30","Navigation Service - DemoBlaze","Navigation/navigation.spec.js","",""
"","1258","PROD_013 Verify Next button navigation","webkit","2026-05-30","passed","2026-05-30","Product Catalog Service - DemoBlaze","Product/product.spec.js","",""
"","501","has title","firefox","2026-05-30","passed","2026-05-30","","example.spec.js","",""
"","1040","CART_001 Verify Add to Cart button is visible","firefox","2026-05-30","passed","2026-05-30","Cart Management Service - DemoBlaze","Cart/cart.spec.js","",""
"","30090","NAV_012 Verify Signup modal opens","firefox","2026-05-30","broken","2026-05-30","Navigation Service - DemoBlaze","Navigation/navigation.spec.js","",""
"","1386","CART_013 Verify cart page URL","webkit","2026-05-30","passed","2026-05-30","Cart Management Service - DemoBlaze","Cart/cart.spec.js","",""
"","1740","CART_014 Verify cart table headers","firefox","2026-05-30","passed","2026-05-30","Cart Management Service - DemoBlaze","Cart/cart.spec.js","",""
"","767","CONT_007 Verify user can enter email","firefox","2026-05-30","passed","2026-05-30","Contact Service - DemoBlaze","Contact/contact.spec.js","",""
"","1450","AUTH_018 Verify login modal close functionality","chromium","2026-05-30","passed","2026-05-30","Authentication Service - DemoBlaze","Authentication/auth.spec.js","",""
"","0","CONT_010 Verify contact modal can close","firefox","2026-05-30","skipped","2026-05-30","Contact Service - DemoBlaze","Contact/contact.spec.js","",""
"","1242","PROD_009 Verify Laptops category filter works","webkit","2026-05-30","passed","2026-05-30","Product Catalog Service - DemoBlaze","Product/product.spec.js","",""
"","2463","CART_011 Verify navigation from product page to cart","firefox","2026-05-30","passed","2026-05-30","Cart Management Service - DemoBlaze","Cart/cart.spec.js","",""
"","30086","AUTH_010 Verify login with valid credentials","firefox","2026-05-30","broken","2026-05-30","Authentication Service - DemoBlaze","Authentication/auth.spec.js","",""
"","1449","ORDER_009 Verify purchase with valid details","chromium","2026-05-30","passed","2026-05-30","Checkout / Order Service - DemoBlaze","Order/order.spec.js","",""
"","1400","CART_009 Verify deleted product is removed","webkit","2026-05-30","passed","2026-05-30","Cart Management Service - DemoBlaze","Cart/cart.spec.js","",""
"","2947","CHECKOUT_011 Verify confirmation message after purchase","webkit","2026-05-30","passed","2026-05-30","Checkout / Order Service - DemoBlaze","Checkout/checkout.spec.js","",""
"","2220","CHECKOUT_015 Verify confirmation popup closes successfully","chromium","2026-05-30","passed","2026-05-30","Checkout / Order Service - DemoBlaze","Checkout/checkout.spec.js","",""
"","1501","CHECKOUT_009 Verify Purchase button is visible","firefox","2026-05-30","passed","2026-05-30","Checkout / Order Service - DemoBlaze","Checkout/checkout.spec.js","",""
"","1052","CONT_015 Verify modal opens after refresh","firefox","2026-05-30","passed","2026-05-30","Contact Service - DemoBlaze","Contact/contact.spec.js","",""
"","555","NAV_011 Verify Login modal opens","chromium","2026-05-30","passed","2026-05-30","Navigation Service - DemoBlaze","Navigation/navigation.spec.js","",""
"","2297","CHECKOUT_006 Verify Credit Card field is visible","webkit","2026-05-30","passed","2026-05-30","Checkout / Order Service - DemoBlaze","Checkout/checkout.spec.js","",""
"","1711","CONT_002 Verify Contact modal opens","webkit","2026-05-30","passed","2026-05-30","Contact Service - DemoBlaze","Contact/contact.spec.js","",""
"","1208","AUTH_014 Verify login with empty password","firefox","2026-05-30","passed","2026-05-30","Authentication Service - DemoBlaze","Authentication/auth.spec.js","",""
"","1484","CART_011 Verify navigation from product page to cart","webkit","2026-05-30","passed","2026-05-30","Cart Management Service - DemoBlaze","Cart/cart.spec.js","",""
"","1575","ORDER_012 Verify order modal close button","chromium","2026-05-30","passed","2026-05-30","Checkout / Order Service - DemoBlaze","Order/order.spec.js","",""
"","772","SESSION_012 Verify logout removes welcome message","firefox","2026-05-30","passed","2026-05-30","User Session Management Service - DemoBlaze","Session/session.spec.js","",""
"","801","CONT_003 Verify email textbox is visible","firefox","2026-05-30","passed","2026-05-30","Contact Service - DemoBlaze","Contact/contact.spec.js","",""
"","2365","ORDER_007 Verify Month field accepts input","webkit","2026-05-30","passed","2026-05-30","Checkout / Order Service - DemoBlaze","Order/order.spec.js","",""
"","1560","SESSION_014 Verify signup button appears after logout","webkit","2026-05-30","passed","2026-05-30","User Session Management Service - DemoBlaze","Session/session.spec.js","",""
"","1167","CHECKOUT_005 Verify City field is visible","chromium","2026-05-30","passed","2026-05-30","Checkout / Order Service - DemoBlaze","Checkout/checkout.spec.js","",""
"","645","NAV_001 Verify Home link is visible","webkit","2026-05-30","passed","2026-05-30","Navigation Service - DemoBlaze","Navigation/navigation.spec.js","",""
"","1557","CONT_007 Verify user can enter email","webkit","2026-05-30","passed","2026-05-30","Contact Service - DemoBlaze","Contact/contact.spec.js","",""
"","840","has title","webkit","2026-05-30","passed","2026-05-30","","example.spec.js","",""
"","1266","CONT_011 Verify alert appears after sending message","firefox","2026-05-30","passed","2026-05-30","Contact Service - DemoBlaze","Contact/contact.spec.js","",""
"","404","CART_008 Verify product can be deleted from cart","chromium","2026-05-30","passed","2026-05-30","Cart Management Service - DemoBlaze","Cart/cart.spec.js","",""
"","432","PROD_002 Verify product cards are displayed","chromium","2026-05-30","passed","2026-05-30","Product Catalog Service - DemoBlaze","Product/product.spec.js","",""
"","2405","CHECKOUT_009 Verify Purchase button is visible","webkit","2026-05-30","passed","2026-05-30","Checkout / Order Service - DemoBlaze","Checkout/checkout.spec.js","",""
"","407","SESSION_010 Verify cart access during active session","chromium","2026-05-30","passed","2026-05-30","User Session Management Service - DemoBlaze","Session/session.spec.js","",""
"","1644","PROD_007 Verify product description is displayed","webkit","2026-05-30","passed","2026-05-30","Product Catalog Service - DemoBlaze","Product/product.spec.js","",""
"","1281","NAV_013 Verify Previous carousel button","firefox","2026-05-30","passed","2026-05-30","Navigation Service - DemoBlaze","Navigation/navigation.spec.js","",""
"","270","NAV_002 Verify Contact link is visible","chromium","2026-05-30","passed","2026-05-30","Navigation Service - DemoBlaze","Navigation/navigation.spec.js","",""
"","1045","SESSION_006 Verify session removed after logout","firefox","2026-05-30","passed","2026-05-30","User Session Management Service - DemoBlaze","Session/session.spec.js","",""
"","888","AUTH_013 Verify login with empty username","chromium","2026-05-30","passed","2026-05-30","Authentication Service - DemoBlaze","Authentication/auth.spec.js","",""
"","1081","ORDER_015 Verify order modal fields are visible","chromium","2026-05-30","passed","2026-05-30","Checkout / Order Service - DemoBlaze","Order/order.spec.js","",""
"","537","PROD_008 Verify Phones category filter works","chromium","2026-05-30","passed","2026-05-30","Product Catalog Service - DemoBlaze","Product/product.spec.js","",""
"","1022","ORDER_001 Verify Place Order button is visible","chromium","2026-05-30","passed","2026-05-30","Checkout / Order Service - DemoBlaze","Order/order.spec.js","",""
"","547","PROD_001 Verify homepage products are visible","chromium","2026-05-30","passed","2026-05-30","Product Catalog Service - DemoBlaze","Product/product.spec.js","",""
"","1515","CHECKOUT_011 Verify confirmation message after purchase","chromium","2026-05-30","passed","2026-05-30","Checkout / Order Service - DemoBlaze","Checkout/checkout.spec.js","",""
"","744","PROD_007 Verify product description is displayed","chromium","2026-05-30","passed","2026-05-30","Product Catalog Service - DemoBlaze","Product/product.spec.js","",""
"","797","CONT_002 Verify Contact modal opens","firefox","2026-05-30","passed","2026-05-30","Contact Service - DemoBlaze","Contact/contact.spec.js","",""
"","516","NAV_001 Verify Home link is visible","firefox","2026-05-30","passed","2026-05-30","Navigation Service - DemoBlaze","Navigation/navigation.spec.js","",""
"","1651","CHECKOUT_004 Verify Country field is visible","firefox","2026-05-30","passed","2026-05-30","Checkout / Order Service - DemoBlaze","Checkout/checkout.spec.js","",""
"","1255","CART_015 Verify cart loads successfully after login","chromium","2026-05-30","passed","2026-05-30","Cart Management Service - DemoBlaze","Cart/cart.spec.js","",""
"","463","PROD_004 Verify product title is visible","chromium","2026-05-30","passed","2026-05-30","Product Catalog Service - DemoBlaze","Product/product.spec.js","",""
"","750","CONT_001 Verify Contact link is visible","webkit","2026-05-30","passed","2026-05-30","Contact Service - DemoBlaze","Contact/contact.spec.js","",""
"","820","CONT_013 Verify multiple data entries Demo","firefox","2026-05-30","passed","2026-05-30","Contact Service - DemoBlaze","Contact/contact.spec.js","",""
"","643","CART_013 Verify cart page URL","firefox","2026-05-30","passed","2026-05-30","Cart Management Service - DemoBlaze","Cart/cart.spec.js","",""
"","502","CONT_003 Verify email textbox is visible","chromium","2026-05-30","passed","2026-05-30","Contact Service - DemoBlaze","Contact/contact.spec.js","",""
"","1737","PROD_014 Verify Previous button navigation","webkit","2026-05-30","passed","2026-05-30","Product Catalog Service - DemoBlaze","Product/product.spec.js","",""
"","2675","ORDER_012 Verify order modal close button","webkit","2026-05-30","passed","2026-05-30","Checkout / Order Service - DemoBlaze","Order/order.spec.js","",""
"","2228","CHECKOUT_005 Verify City field is visible","webkit","2026-05-30","passed","2026-05-30","Checkout / Order Service - DemoBlaze","Checkout/checkout.spec.js","",""
"","1919","CHECKOUT_011 Verify confirmation message after purchase","firefox","2026-05-30","passed","2026-05-30","Checkout / Order Service - DemoBlaze","Checkout/checkout.spec.js","",""
"","779","CONT_014 Verify contact modal remains visible","firefox","2026-05-30","passed","2026-05-30","Contact Service - DemoBlaze","Contact/contact.spec.js","",""
"","779","CONT_012 Verify modal title is visible","firefox","2026-05-30","passed","2026-05-30","Contact Service - DemoBlaze","Contact/contact.spec.js","",""
"","1971","ORDER_011 Verify OK button closes confirmation popup","chromium","2026-05-30","passed","2026-05-30","Checkout / Order Service - DemoBlaze","Order/order.spec.js","",""
"","1163","AUTH_012 Verify login with invalid password","firefox","2026-05-30","passed","2026-05-30","Authentication Service - DemoBlaze","Authentication/auth.spec.js","",""
"","558","CONT_008 Verify user can enter name","chromium","2026-05-30","passed","2026-05-30","Contact Service - DemoBlaze","Contact/contact.spec.js","",""
"","629","SESSION_001 Verify user session persists after refresh","chromium","2026-05-30","passed","2026-05-30","User Session Management Service - DemoBlaze","Session/session.spec.js","",""
"","612","PROD_012 Verify product detail page URL changes","chromium","2026-05-30","passed","2026-05-30","Product Catalog Service - DemoBlaze","Product/product.spec.js","",""
"","1036","SESSION_007 Verify user remains logged in after opening cart","firefox","2026-05-30","passed","2026-05-30","User Session Management Service - DemoBlaze","Session/session.spec.js","",""
"","750","PROD_006 Verify clicking product opens product details page","firefox","2026-05-30","passed","2026-05-30","Product Catalog Service - DemoBlaze","Product/product.spec.js","",""
"","909","CART_002 Verify product can be added to cart","chromium","2026-05-30","passed","2026-05-30","Cart Management Service - DemoBlaze","Cart/cart.spec.js","",""
"","615","PROD_003 Verify product image is visible","firefox","2026-05-30","passed","2026-05-30","Product Catalog Service - DemoBlaze","Product/product.spec.js","",""
"","954","CART_012 Verify duplicate product addition","chromium","2026-05-30","passed","2026-05-30","Cart Management Service - DemoBlaze","Cart/cart.spec.js","",""
"","859","AUTH_005 Verify user can signup with valid credentials","chromium","2026-05-30","passed","2026-05-30","Authentication Service - DemoBlaze","Authentication/auth.spec.js","",""
"","1473","CHECKOUT_010 Verify order can be placed successfully","chromium","2026-05-30","passed","2026-05-30","Checkout / Order Service - DemoBlaze","Checkout/checkout.spec.js","",""
"","686","SESSION_015 Verify session handling across pages","chromium","2026-05-30","passed","2026-05-30","User Session Management Service - DemoBlaze","Session/session.spec.js","",""
"","760","NAV_010 Verify About Us modal opens","firefox","2026-05-30","passed","2026-05-30","Navigation Service - DemoBlaze","Navigation/navigation.spec.js","",""
"","709","NAV_007 Verify Home navigation works","firefox","2026-05-30","passed","2026-05-30","Navigation Service - DemoBlaze","Navigation/navigation.spec.js","",""
"","893","SESSION_013 Verify login button appears after logout","firefox","2026-05-30","passed","2026-05-30","User Session Management Service - DemoBlaze","Session/session.spec.js","",""
"","1312","SESSION_010 Verify cart access during active session","webkit","2026-05-30","passed","2026-05-30","User Session Management Service - DemoBlaze","Session/session.spec.js","",""
"","1448","SESSION_012 Verify logout removes welcome message","webkit","2026-05-30","passed","2026-05-30","User Session Management Service - DemoBlaze","Session/session.spec.js","",""
"","1206","ORDER_001 Verify Place Order button is visible","firefox","2026-05-30","passed","2026-05-30","Checkout / Order Service - DemoBlaze","Order/order.spec.js","",""
"","0","CONT_010 Verify contact modal can close","chromium","2026-05-30","skipped","2026-05-30","Contact Service - DemoBlaze","Contact/contact.spec.js","",""
"","831","AUTH_006 Verify existing user cannot signup again","chromium","2026-05-30","passed","2026-05-30","Authentication Service - DemoBlaze","Authentication/auth.spec.js","",""
"","1168","PROD_010 Verify Monitors category filter works","webkit","2026-05-30","passed","2026-05-30","Product Catalog Service - DemoBlaze","Product/product.spec.js","",""
"","1448","AUTH_019 Verify signup modal close functionality","chromium","2026-05-30","passed","2026-05-30","Authentication Service - DemoBlaze","Authentication/auth.spec.js","",""
"","921","SESSION_002 Verify logged in username is displayed","webkit","2026-05-30","passed","2026-05-30","User Session Management Service - DemoBlaze","Session/session.spec.js","",""
"","539","CONT_013 Verify multiple data entries Sathya","chromium","2026-05-30","passed","2026-05-30","Contact Service - DemoBlaze","Contact/contact.spec.js","",""
"","1205","CONT_012 Verify modal title is visible","webkit","2026-05-30","passed","2026-05-30","Contact Service - DemoBlaze","Contact/contact.spec.js","",""
"","30082","AUTH_017 Verify logged-in username is displayed correctly","webkit","2026-05-30","broken","2026-05-30","Authentication Service - DemoBlaze","Authentication/auth.spec.js","",""
"","704","SESSION_005 Verify logout functionality works","firefox","2026-05-30","passed","2026-05-30","User Session Management Service - DemoBlaze","Session/session.spec.js","",""
"","424","NAV_008 Verify Cart page navigation","chromium","2026-05-30","passed","2026-05-30","Navigation Service - DemoBlaze","Navigation/navigation.spec.js","",""
"","2407","ORDER_003 Verify Name field accepts input","webkit","2026-05-30","passed","2026-05-30","Checkout / Order Service - DemoBlaze","Order/order.spec.js","",""
"","1312","CHECKOUT_002 Verify Place Order modal opens","chromium","2026-05-30","passed","2026-05-30","Checkout / Order Service - DemoBlaze","Checkout/checkout.spec.js","",""
"","30087","AUTH_019 Verify signup modal close functionality","webkit","2026-05-30","broken","2026-05-30","Authentication Service - DemoBlaze","Authentication/auth.spec.js","",""
"","1059","SESSION_009 Verify session persists after multiple refreshes","firefox","2026-05-30","passed","2026-05-30","User Session Management Service - DemoBlaze","Session/session.spec.js","",""
"","30088","AUTH_017 Verify logged-in username is displayed correctly","firefox","2026-05-30","broken","2026-05-30","Authentication Service - DemoBlaze","Authentication/auth.spec.js","",""
"","975","PROD_015 Verify product page loads successfully after refresh","webkit","2026-05-30","passed","2026-05-30","Product Catalog Service - DemoBlaze","Product/product.spec.js","",""
"","1418","CONT_008 Verify user can enter name","webkit","2026-05-30","passed","2026-05-30","Contact Service - DemoBlaze","Contact/contact.spec.js","",""
"","30092","AUTH_020 Verify user session persists after page refresh","webkit","2026-05-30","broken","2026-05-30","Authentication Service - DemoBlaze","Authentication/auth.spec.js","",""
"","30091","AUTH_018 Verify login modal close functionality","firefox","2026-05-30","broken","2026-05-30","Authentication Service - DemoBlaze","Authentication/auth.spec.js","",""
"","430","PROD_011 Verify category switching works correctly","chromium","2026-05-30","passed","2026-05-30","Product Catalog Service - DemoBlaze","Product/product.spec.js","",""
"","1589","CONT_014 Verify contact modal remains visible","webkit","2026-05-30","passed","2026-05-30","Contact Service - DemoBlaze","Contact/contact.spec.js","",""
"","2154","CONT_013 Verify multiple data entries Sathya","firefox","2026-05-30","passed","2026-05-30","Contact Service - DemoBlaze","Contact/contact.spec.js","",""
"","1194","NAV_008 Verify Cart page navigation","webkit","2026-05-30","passed","2026-05-30","Navigation Service - DemoBlaze","Navigation/navigation.spec.js","",""
"","1164","ORDER_008 Verify Year field accepts input","chromium","2026-05-30","passed","2026-05-30","Checkout / Order Service - DemoBlaze","Order/order.spec.js","",""
"","2953","CART_005 Verify added product is visible in cart","webkit","2026-05-30","passed","2026-05-30","Cart Management Service - DemoBlaze","Cart/cart.spec.js","",""
"","604","SESSION_012 Verify logout removes welcome message","chromium","2026-05-30","passed","2026-05-30","User Session Management Service - DemoBlaze","Session/session.spec.js","",""
"","30080","NAV_012 Verify Signup modal opens","webkit","2026-05-30","broken","2026-05-30","Navigation Service - DemoBlaze","Navigation/navigation.spec.js","",""
"","2167","get started link","webkit","2026-05-30","passed","2026-05-30","","example.spec.js","",""
"","1720","CONT_013 Verify multiple data entries Demo","webkit","2026-05-30","passed","2026-05-30","Contact Service - DemoBlaze","Contact/contact.spec.js","",""
"","985","PROD_001 Verify homepage products are visible","webkit","2026-05-30","passed","2026-05-30","Product Catalog Service - DemoBlaze","Product/product.spec.js","",""
"","695","NAV_003 Verify About Us link is visible","webkit","2026-05-30","passed","2026-05-30","Navigation Service - DemoBlaze","Navigation/navigation.spec.js","",""
"","1608","SESSION_003 Verify session persists during navigation","webkit","2026-05-30","passed","2026-05-30","User Session Management Service - DemoBlaze","Session/session.spec.js","",""
"","361","CONT_001 Verify Contact link is visible","chromium","2026-05-30","passed","2026-05-30","Contact Service - DemoBlaze","Contact/contact.spec.js","",""
"","1349","CONT_004 Verify name textbox is visible","webkit","2026-05-30","passed","2026-05-30","Contact Service - DemoBlaze","Contact/contact.spec.js","",""
"","669","PROD_004 Verify product title is visible","firefox","2026-05-30","passed","2026-05-30","Product Catalog Service - DemoBlaze","Product/product.spec.js","",""
"","4654","AUTH_001 Verify Signup button is visible","webkit","2026-05-30","passed","2026-05-30","Authentication Service - DemoBlaze","Authentication/auth.spec.js","",""
"","893","PROD_004 Verify product title is visible","webkit","2026-05-30","passed","2026-05-30","Product Catalog Service - DemoBlaze","Product/product.spec.js","",""
"","0","NAV_005 Verify Login link is visible","firefox","2026-05-30","skipped","2026-05-30","Navigation Service - DemoBlaze","Navigation/navigation.spec.js","",""
"","575","PROD_008 Verify Phones category filter works","firefox","2026-05-30","passed","2026-05-30","Product Catalog Service - DemoBlaze","Product/product.spec.js","",""
"","514","NAV_003 Verify About Us link is visible","firefox","2026-05-30","passed","2026-05-30","Navigation Service - DemoBlaze","Navigation/navigation.spec.js","",""
"","1236","NAV_014 Verify Next carousel button","webkit","2026-05-30","passed","2026-05-30","Navigation Service - DemoBlaze","Navigation/navigation.spec.js","",""
"","1263","NAV_013 Verify Previous carousel button","webkit","2026-05-30","passed","2026-05-30","Navigation Service - DemoBlaze","Navigation/navigation.spec.js","",""
"","542","PROD_003 Verify product image is visible","chromium","2026-05-30","passed","2026-05-30","Product Catalog Service - DemoBlaze","Product/product.spec.js","",""
"","2097","CONT_011 Verify alert appears after sending message","webkit","2026-05-30","passed","2026-05-30","Contact Service - DemoBlaze","Contact/contact.spec.js","",""
"","30087","NAV_011 Verify Login modal opens","firefox","2026-05-30","broken","2026-05-30","Navigation Service - DemoBlaze","Navigation/navigation.spec.js","",""
"","2425","CART_015 Verify cart loads successfully after login","webkit","2026-05-30","passed","2026-05-30","Cart Management Service - DemoBlaze","Cart/cart.spec.js","",""
"","629","SESSION_003 Verify session persists during navigation","chromium","2026-05-30","passed","2026-05-30","User Session Management Service - DemoBlaze","Session/session.spec.js","",""
"","1207","PROD_008 Verify Phones category filter works","webkit","2026-05-30","passed","2026-05-30","Product Catalog Service - DemoBlaze","Product/product.spec.js","",""
"","2282","CHECKOUT_007 Verify Month field is visible","webkit","2026-05-30","passed","2026-05-30","Checkout / Order Service - DemoBlaze","Checkout/checkout.spec.js","",""
"","30087","AUTH_010 Verify login with valid credentials","webkit","2026-05-30","broken","2026-05-30","Authentication Service - DemoBlaze","Authentication/auth.spec.js","",""
"","598","SESSION_004 Verify logout button is visible","firefox","2026-05-30","passed","2026-05-30","User Session Management Service - DemoBlaze","Session/session.spec.js","",""
"","1134","AUTH_017 Verify logged-in username is displayed correctly","chromium","2026-05-30","passed","2026-05-30","Authentication Service - DemoBlaze","Authentication/auth.spec.js","",""
"","503","NAV_002 Verify Contact link is visible","firefox","2026-05-30","passed","2026-05-30","Navigation Service - DemoBlaze","Navigation/navigation.spec.js","",""
"","1956","CHECKOUT_010 Verify order can be placed successfully","firefox","2026-05-30","passed","2026-05-30","Checkout / Order Service - DemoBlaze","Checkout/checkout.spec.js","",""
"","1621","ORDER_007 Verify Month field accepts input","firefox","2026-05-30","passed","2026-05-30","Checkout / Order Service - DemoBlaze","Order/order.spec.js","",""
"","1159","CHECKOUT_004 Verify Country field is visible","chromium","2026-05-30","passed","2026-05-30","Checkout / Order Service - DemoBlaze","Checkout/checkout.spec.js","",""
"","689","SESSION_007 Verify user remains logged in after opening cart","chromium","2026-05-30","passed","2026-05-30","User Session Management Service - DemoBlaze","Session/session.spec.js","",""
"","2224","AUTH_020 Verify user session persists after page refresh","firefox","2026-05-30","passed","2026-05-30","Authentication Service - DemoBlaze","Authentication/auth.spec.js","",""
"","2396","CHECKOUT_003 Verify Name field is visible","webkit","2026-05-30","passed","2026-05-30","Checkout / Order Service - DemoBlaze","Checkout/checkout.spec.js","",""
"","485","CONT_004 Verify name textbox is visible","chromium","2026-05-30","passed","2026-05-30","Contact Service - DemoBlaze","Contact/contact.spec.js","",""
"","1149","AUTH_005 Verify user can signup with valid credentials","firefox","2026-05-30","passed","2026-05-30","Authentication Service - DemoBlaze","Authentication/auth.spec.js","",""
"","771","CONT_008 Verify user can enter name","firefox","2026-05-30","passed","2026-05-30","Contact Service - DemoBlaze","Contact/contact.spec.js","",""
"","30091","AUTH_009 Verify signup with empty username and password","firefox","2026-05-30","broken","2026-05-30","Authentication Service - DemoBlaze","Authentication/auth.spec.js","",""
"","418","CART_009 Verify deleted product is removed","chromium","2026-05-30","passed","2026-05-30","Cart Management Service - DemoBlaze","Cart/cart.spec.js","",""
"","850","SESSION_002 Verify logged in username is displayed","firefox","2026-05-30","passed","2026-05-30","User Session Management Service - DemoBlaze","Session/session.spec.js","",""
"","828","AUTH_008 Verify signup with empty password","chromium","2026-05-30","passed","2026-05-30","Authentication Service - DemoBlaze","Authentication/auth.spec.js","",""
"","673","PROD_002 Verify product cards are displayed","firefox","2026-05-30","passed","2026-05-30","Product Catalog Service - DemoBlaze","Product/product.spec.js","",""
"","294","has title","chromium","2026-05-30","passed","2026-05-30","","example.spec.js","",""
"","755","SESSION_014 Verify signup button appears after logout","firefox","2026-05-30","passed","2026-05-30","User Session Management Service - DemoBlaze","Session/session.spec.js","",""
"","531","PROD_013 Verify Next button navigation","chromium","2026-05-30","passed","2026-05-30","Product Catalog Service - DemoBlaze","Product/product.spec.js","",""
"","442","PROD_014 Verify Previous button navigation","chromium","2026-05-30","passed","2026-05-30","Product Catalog Service - DemoBlaze","Product/product.spec.js","",""
"","1459","NAV_015 Verify navbar remains visible after navigation","webkit","2026-05-30","passed","2026-05-30","Navigation Service - DemoBlaze","Navigation/navigation.spec.js","",""
"","510","CONT_007 Verify user can enter email","chromium","2026-05-30","passed","2026-05-30","Contact Service - DemoBlaze","Contact/contact.spec.js","",""
"","380","NAV_013 Verify Previous carousel button","chromium","2026-05-30","passed","2026-05-30","Navigation Service - DemoBlaze","Navigation/navigation.spec.js","",""
"","0","NAV_005 Verify Login link is visible","webkit","2026-05-30","skipped","2026-05-30","Navigation Service - DemoBlaze","Navigation/navigation.spec.js","",""
"","1118","AUTH_001 Verify Signup button is visible","firefox","2026-05-30","passed","2026-05-30","Authentication Service - DemoBlaze","Authentication/auth.spec.js","",""
"","2836","CHECKOUT_012 Verify OK button is visible after purchase","webkit","2026-05-30","passed","2026-05-30","Checkout / Order Service - DemoBlaze","Checkout/checkout.spec.js","",""
"","813","CONT_011 Verify alert appears after sending message","chromium","2026-05-30","passed","2026-05-30","Contact Service - DemoBlaze","Contact/contact.spec.js","",""
"","0","Future validation test","webkit","2026-05-30","skipped","2026-05-30","Contact Service - DemoBlaze","Contact/contact.spec.js","",""
"","1870","CART_001 Verify Add to Cart button is visible","webkit","2026-05-30","passed","2026-05-30","Cart Management Service - DemoBlaze","Cart/cart.spec.js","",""
"","1636","CONT_009 Verify user can enter message","webkit","2026-05-30","passed","2026-05-30","Contact Service - DemoBlaze","Contact/contact.spec.js","",""
"","2897","ORDER_010 Verify confirmation message after purchase","webkit","2026-05-30","passed","2026-05-30","Checkout / Order Service - DemoBlaze","Order/order.spec.js","",""
"","1098","AUTH_007 Verify signup with empty username","firefox","2026-05-30","passed","2026-05-30","Authentication Service - DemoBlaze","Authentication/auth.spec.js","",""
"","30078","AUTH_011 Verify login with invalid username","webkit","2026-05-30","broken","2026-05-30","Authentication Service - DemoBlaze","Authentication/auth.spec.js","",""
"","30076","AUTH_006 Verify existing user cannot signup again","webkit","2026-05-30","broken","2026-05-30","Authentication Service - DemoBlaze","Authentication/auth.spec.js","",""
"","1603","CHECKOUT_014 Verify purchase without mandatory details","chromium","2026-05-30","passed","2026-05-30","Checkout / Order Service - DemoBlaze","Checkout/checkout.spec.js","",""
"","619","CONT_015 Verify modal opens after refresh","chromium","2026-05-30","passed","2026-05-30","Contact Service - DemoBlaze","Contact/contact.spec.js","",""
"","463","AUTH_001 Verify Signup button is visible","chromium","2026-05-30","passed","2026-05-30","Authentication Service - DemoBlaze","Authentication/auth.spec.js","",""
"","1337","NAV_007 Verify Home navigation works","webkit","2026-05-30","passed","2026-05-30","Navigation Service - DemoBlaze","Navigation/navigation.spec.js","",""
"","889","SESSION_011 Verify session remains active after browsing products","firefox","2026-05-30","passed","2026-05-30","User Session Management Service - DemoBlaze","Session/session.spec.js","",""
"","2330","CART_014 Verify cart table headers","webkit","2026-05-30","failed","2026-05-30","Cart Management Service - DemoBlaze","Cart/cart.spec.js","",""
"","787","AUTH_012 Verify login with invalid password","chromium","2026-05-30","passed","2026-05-30","Authentication Service - DemoBlaze","Authentication/auth.spec.js","",""
"","633","AUTH_003 Verify signup modal opens successfully","chromium","2026-05-30","passed","2026-05-30","Authentication Service - DemoBlaze","Authentication/auth.spec.js","",""
"","1510","SESSION_007 Verify user remains logged in after opening cart","webkit","2026-05-30","passed","2026-05-30","User Session Management Service - DemoBlaze","Session/session.spec.js","",""
